{
  "alumnos": [
    {
      "nombre": "Regina Paola Lopez Espadas ",
      "matricula": "25070046",
      "email": "regina.24070046@itsmotul.edu.mx",
      "grupo": "1a",
      "codigo": "JvVhoPgkR3",
      "fecha_registro": "2024-10-22 19:39:57"
    },
    {
      "nombre": "Regina Paola Lopez Espadas ",
      "matricula": "25070046",
      "email": "regina.24070046@itsmotul.edu.mx",
      "grupo": "1a",
      "codigo": "vWhaL6DGq5",
      "fecha_registro": "2024-10-22 19:39:57"
    },
    {
      "nombre": "Yama Dorantes angel Jes\u00fas ",
      "matricula": "24070079",
      "email": "angel.24070079@itsmotul.edu.mx",
      "grupo": "1a",
      "codigo": "phEoTvkSzK",
      "fecha_registro": "2024-10-22 20:27:27"
    },
    {
      "nombre": "Bethzy Aylin Cat mendez",
      "matricula": "24070016",
      "email": "Bethzy.24070016@itsmotul.edu.mx",
      "grupo": "1a",
      "codigo": "tziMyliCR2",
      "fecha_registro": "2024-10-22 20:32:41"
    },
    {
      "nombre": "Bethzy Aylin Cat mendez",
      "matricula": "24070016",
      "email": "Bethzy.24070016@itsmotul.edu.mx",
      "grupo": "1a",
      "codigo": "P0KGLnGREl",
      "fecha_registro": "2024-10-22 20:32:41"
    },
    {
      "nombre": "Cristy Estefania Euan Alpuche",
      "matricula": "24070036",
      "email": "cristy.24070036@itsmotul.edu.mx",
      "grupo": "1a",
      "codigo": "GKysiEMiWk",
      "fecha_registro": "2024-10-22 21:27:29"
    },
    {
      "nombre": "Isaac Alimy uitz Balam ",
      "matricula": "24070076",
      "email": "isaac.24070076@itsmotul.edu.mx",
      "grupo": "1a",
      "codigo": "AM9k066FPR",
      "fecha_registro": "2024-10-22 21:27:44"
    },
    {
      "nombre": "Isaac Alimy uitz Balam ",
      "matricula": "24070076",
      "email": "isaac.24070076@itsmotul.edu.mx",
      "grupo": "1a",
      "codigo": "ynzbGRHBRk",
      "fecha_registro": "2024-10-22 21:28:13"
    },
    {
      "nombre": "Juan Alejandro Pech Cauich ",
      "matricula": "24070059",
      "email": "juan.24070059@itsmotul.edu.mx",
      "grupo": "1a",
      "codigo": "ND2BzvBftl",
      "fecha_registro": "2024-10-22 21:34:44"
    },
    {
      "nombre": "Juan Alejandro Pech Cauich ",
      "matricula": "24070059",
      "email": "juan.24070059@itsmotul.edu.mx",
      "grupo": "1a",
      "codigo": "DA81A9SxXT",
      "fecha_registro": "2024-10-22 21:35:37"
    },
    {
      "nombre": "Juan Alejandro Pech Cauich ",
      "matricula": "24070059",
      "email": "juan.24070059@itsmotul.edu.mx",
      "grupo": "1a",
      "codigo": "Lj41FrAVl8",
      "fecha_registro": "2024-10-22 21:35:38"
    },
    {
      "nombre": "Liliana Berenice Pool Ucan ",
      "matricula": "24070063",
      "email": "liliana.24070063@istmotul.edu.mx",
      "grupo": "1a",
      "codigo": "dgz9xYM91A",
      "fecha_registro": "2024-10-22 21:36:12"
    },
    {
      "nombre": "Yama Dorantes angel Jes\u00fas ",
      "matricula": "24070079",
      "email": "angelyama525@gmail.com",
      "grupo": "1a",
      "codigo": "OGPyfC9o9K",
      "fecha_registro": "2024-10-22 21:36:15"
    },
    {
      "nombre": "Angel Jes\u00fas Yama Dorantes ",
      "matricula": "24070079",
      "email": "angelyama525@gmail.com",
      "grupo": "1a",
      "codigo": "3PFCqPZi9J",
      "fecha_registro": "2024-10-22 21:38:23"
    },
    {
      "nombre": "Silva Canche Jorge Alejandro ",
      "matricula": "24070070",
      "email": "jorge.24070070@itsmotul.edu.mx",
      "grupo": "1a",
      "codigo": "DsUKh7om4S",
      "fecha_registro": "2024-10-22 21:51:30"
    },
    {
      "nombre": "EsdrAS FRANCISCO CERvantes Novelo",
      "matricula": "24070018",
      "email": "esdrasnovelo@gmail.com",
      "grupo": "1b",
      "codigo": "kiSRTUYKcT",
      "fecha_registro": "2024-10-22 22:08:21"
    },
    {
      "nombre": "virginia rosalia can xool",
      "matricula": "24070013",
      "email": "virginia.24070013@itsmotul.edu.mx",
      "grupo": "1b",
      "codigo": "EV0hI2Igup",
      "fecha_registro": "2024-10-22 22:09:06"
    },
    {
      "nombre": "Ak\u00e9 Caballero esmeralda Guadalupe ",
      "matricula": "24070003",
      "email": "esmeralda.24070003@itsmotul.edu.mx",
      "grupo": "1a",
      "codigo": "YNHP5PKHMQ",
      "fecha_registro": "2024-10-22 22:20:23"
    },
    {
      "nombre": "sair geovanny canche ku",
      "matricula": "24070014",
      "email": "sair.24070014@itsmotul.edu.mx",
      "grupo": "1b",
      "codigo": "oXN5yMVy7v",
      "fecha_registro": "2024-10-22 22:24:36"
    },
    {
      "nombre": "Mu\u00f1oz Frias Jonathan Rene ",
      "matricula": "24070056",
      "email": "jonathan.24070056@itsmotul.edu.mx",
      "grupo": "1a",
      "codigo": "4boLDl0l4h",
      "fecha_registro": "2024-10-22 22:29:35"
    },
    {
      "nombre": "Cesar Augusto Pech Gonz\u00e1lez ",
      "matricula": "24070060",
      "email": "cesar.24070060@itsmotul.edu.mx",
      "grupo": "1a",
      "codigo": "609jN5Ynwc",
      "fecha_registro": "2024-10-22 23:21:52"
    },
    {
      "nombre": "Liliana Berenice Pool Ucan ",
      "matricula": "24070063",
      "email": "liliana.24070063@istmotul.edu.mx",
      "grupo": "1a",
      "codigo": "72HcL3NBLw",
      "fecha_registro": "2024-10-22 23:25:53"
    },
    {
      "nombre": "chale cen ronaldo gabriel",
      "matricula": "24070019",
      "email": "ronaldo.24070019@itsmotul.edu.mx",
      "grupo": "1a",
      "codigo": "MzvWE5wYaC",
      "fecha_registro": "2024-10-22 23:29:06"
    },
    {
      "nombre": "Miguel Guilbardo Poot poot",
      "matricula": "24070065",
      "email": "miguel.24070065@itsmotul.edu.mx",
      "grupo": "1a",
      "codigo": "bDwtRS972k",
      "fecha_registro": "2024-10-22 23:38:34"
    },
    {
      "nombre": "salazar cervantes israel eduardo",
      "matricula": "24070069",
      "email": "israel.24070069@itsmotul.edu.mx",
      "grupo": "1a",
      "codigo": "gkhUJIbxLR",
      "fecha_registro": "2024-10-22 23:41:57"
    },
    {
      "nombre": "Edwin Antonio Moo dzul",
      "matricula": "24070055",
      "email": "edwin.24070055@itsmotul.edu.mx",
      "grupo": "1a",
      "codigo": "cvYx1bJgsk",
      "fecha_registro": "2024-10-22 23:45:14"
    },
    {
      "nombre": "Euan Celis \u00e1ngel Emmanuel",
      "matricula": "24070037",
      "email": "angel.24070037@istmotul.edu.mx",
      "grupo": "1b",
      "codigo": "LOorAZYQ0z",
      "fecha_registro": "2024-10-22 23:48:30"
    },
    {
      "nombre": "Leonardo Javier Tamayo Flores",
      "matricula": "24070071",
      "email": "leonardo.24070071@itsmotul.edu.mx",
      "grupo": "1b",
      "codigo": "cqbKSLiZW5",
      "fecha_registro": "2024-10-22 23:52:43"
    },
    {
      "nombre": "Ivette anai cuevas caamal",
      "matricula": "24070030",
      "email": "ivette.24070030@itsmotul.edu.mx",
      "grupo": "1b",
      "codigo": "TW2weJMbiU",
      "fecha_registro": "2024-10-22 23:54:26"
    },
    {
      "nombre": "Karol Emanuel Montalvo Balam ",
      "matricula": "24070053",
      "email": "karol.24070053@itsmotul.edu.mx",
      "grupo": "1b",
      "codigo": "hzFCYliSEa",
      "fecha_registro": "2024-10-22 23:54:48"
    },
    {
      "nombre": "jose israel canche tamayo ",
      "matricula": "24070015",
      "email": "jose.24070015@itsmotul.edu.mx",
      "grupo": "1b",
      "codigo": "hZ6MRGeLcQ",
      "fecha_registro": "2024-10-22 23:55:00"
    },
    {
      "nombre": "David Ezequiel Ek Pool",
      "matricula": "24070034",
      "email": "david.24070034@itsmotul.edu.mx",
      "grupo": "1b",
      "codigo": "CAQ82usKrG",
      "fecha_registro": "2024-10-22 23:55:08"
    },
    {
      "nombre": "Tamayo Tec Jonatan Eliezer ",
      "matricula": "24070073",
      "email": "jonatan.24070073@itsmotul.edu.mx",
      "grupo": "1b",
      "codigo": "0ubdH5BYDm",
      "fecha_registro": "2024-10-22 23:57:19"
    },
    {
      "nombre": "Diego Alejandro May Chin ",
      "matricula": "24070048",
      "email": "diego.24070048@itsmotul.edu.mx",
      "grupo": "1b",
      "codigo": "FzpStdOExW",
      "fecha_registro": "2024-10-23 00:01:11"
    },
    {
      "nombre": "Manuel Isaias Tzuc Euan ",
      "matricula": "24070075",
      "email": "manuel.24070075@itsmotul.edu.mx",
      "grupo": "1b",
      "codigo": "x67WwYJ8D2",
      "fecha_registro": "2024-10-23 00:03:08"
    },
    {
      "nombre": "Angel rafael vicaria barroso",
      "matricula": "24070077",
      "email": "angel.24070077@itsmotul.edu.mx",
      "grupo": "1b",
      "codigo": "pX8RjbC8Lb",
      "fecha_registro": "2024-10-23 00:03:08"
    },
    {
      "nombre": "jhovany jseus chan azcorra ",
      "matricula": "24070021",
      "email": "jhovany.24070021@itsmotul.edu.mx",
      "grupo": "1b",
      "codigo": "KNOWfkR9YB",
      "fecha_registro": "2024-10-23 00:04:31"
    },
    {
      "nombre": "Yuceli Odali Montes Pech ",
      "matricula": "24070054",
      "email": "yuceli.24070054@itsmotul.edu.mx",
      "grupo": "1b",
      "codigo": "Rl1cOcEwzP",
      "fecha_registro": "2024-10-23 00:05:13"
    },
    {
      "nombre": "Seidy yaremy euan may ",
      "matricula": "24070038",
      "email": "seidy.24070038@itsmotul.edu.mx",
      "grupo": "1b",
      "codigo": "umHxkkDSIr",
      "fecha_registro": "2024-10-23 00:05:16"
    },
    {
      "nombre": "David ismael chimal canul",
      "matricula": "24070024",
      "email": "david.24070024@itsmotul.edu.mx",
      "grupo": "1b",
      "codigo": "9405bdjZNr",
      "fecha_registro": "2024-10-23 00:07:08"
    },
    {
      "nombre": "Eisler benjamin pinzon canul",
      "matricula": "24070062",
      "email": "eisler.24070062@itsmotul.edu.mx",
      "grupo": "1b",
      "codigo": "G7AI5YyvFk",
      "fecha_registro": "2024-10-23 00:09:10"
    },
    {
      "nombre": "Angel Gabriel L\u00f3pez CHuc",
      "matricula": "24070045",
      "email": "angel.24070045@itsmotul.edu.mx",
      "grupo": "1b",
      "codigo": "uWAhLEnbxT",
      "fecha_registro": "2024-10-23 00:11:54"
    },
    {
      "nombre": "Ahisahar Amisabad Dzib Reyes ",
      "matricula": "24070031",
      "email": "ahisahar.24070031@itsmotul.edu.mx",
      "grupo": "1b",
      "codigo": "m0prkWG7cy",
      "fecha_registro": "2024-10-23 00:12:45"
    },
    {
      "nombre": "Jesus Fernando Jim\u00e9nez Cuytun ",
      "matricula": "24070041",
      "email": "jesus.24070041@itsmotul.edu.mx",
      "grupo": "1b",
      "codigo": "AZB4jbhUaN",
      "fecha_registro": "2024-10-23 00:15:13"
    },
    {
      "nombre": "DANIEL ALEJANDRO HELGUERA TAH ",
      "matricula": "24070039",
      "email": "Daniel.24070039@itsmotul.edu.mx",
      "grupo": "1a",
      "codigo": "HYfXGxCIF6",
      "fecha_registro": "2024-10-23 00:16:20"
    },
    {
      "nombre": "Mario David Yam Lizama",
      "matricula": "24070078",
      "email": "marioyamlizama@gmail.com",
      "grupo": "1b",
      "codigo": "ahjJABii2Z",
      "fecha_registro": "2024-10-23 00:16:29"
    },
    {
      "nombre": "ayari alejandra cruz dzul",
      "matricula": "24070028",
      "email": "ayari.24070029@itsmotul.edu.mx",
      "grupo": "1b",
      "codigo": "mhfv12Hqk6",
      "fecha_registro": "2024-10-23 00:16:52"
    },
    {
      "nombre": "Angel Alejandro Can pech",
      "matricula": "24070012",
      "email": "angel.24070012@itsmotul.edu.mx",
      "grupo": "1b",
      "codigo": "9Q3Bujoifr",
      "fecha_registro": "2024-10-23 00:24:17"
    },
    {
      "nombre": "braulio ALberto cort\u00e9s ju\u00e1rez",
      "matricula": "24070028",
      "email": "braulio.24070028@itsmotul.edu.mx",
      "grupo": "1a",
      "codigo": "Bykjcnf1T1",
      "fecha_registro": "2024-10-23 00:36:38"
    },
    {
      "nombre": "ruben koh dzul",
      "matricula": "24070042",
      "email": "ruben.24070042@itsmotul.edu.mx",
      "grupo": "1a",
      "codigo": "lV0hgMk2sy",
      "fecha_registro": "2024-10-23 01:03:35"
    },
    {
      "nombre": "Carmen Guadalupe Kuk cortez",
      "matricula": "24070044",
      "email": "carmen.24070044@itsmotul.edu.mx",
      "grupo": "1b",
      "codigo": "iJUgU9S7nk",
      "fecha_registro": "2024-10-23 01:12:08"
    },
    {
      "nombre": "Paola yanahi burgosmex",
      "matricula": "24070008",
      "email": "paola.24070008@itsmotul.edu.mx",
      "grupo": "1a",
      "codigo": "67UIpHN4Jb",
      "fecha_registro": "2024-10-23 01:59:51"
    },
    {
      "nombre": "Paola yanahi burgosmex",
      "matricula": "24070008",
      "email": "paola.24070008@itsmotul.edu.mx",
      "grupo": "1a",
      "codigo": "rIdwuOFjDi",
      "fecha_registro": "2024-10-23 02:01:04"
    },
    {
      "nombre": "heyder jesus pareja canche ",
      "matricula": "24070058",
      "email": "heyder.24070058@itsmotul.edu.mx",
      "grupo": "1a",
      "codigo": "WjQuOHG4PN",
      "fecha_registro": "2024-10-23 02:23:05"
    },
    {
      "nombre": "Juan Pablo Mercado Villanueva",
      "matricula": "24070052",
      "email": "juan.24070052@itsmotul.edu.mx",
      "grupo": "1a",
      "codigo": "4yYRlahrpv",
      "fecha_registro": "2024-10-23 02:23:45"
    },
    {
      "nombre": "Kevin geral Cauich Pech ",
      "matricula": "24070017",
      "email": "kevin.24070017@itsmotul.edu.mx",
      "grupo": "1b",
      "codigo": "DlmmfnTY3G",
      "fecha_registro": "2024-10-23 03:15:37"
    },
    {
      "nombre": "Juan Pablo Cime chim",
      "matricula": "24070027",
      "email": "juan.24070027@itsmotul.edu.mx",
      "grupo": "1a",
      "codigo": "7O6K2VRT1Y",
      "fecha_registro": "2024-10-23 03:35:33"
    },
    {
      "nombre": "Nashelin Beatriz Ram\u00edrez Falc\u00f3n",
      "matricula": "24070068",
      "email": "nashelin.24070068@itsmotul.edu.mx",
      "grupo": "1a",
      "codigo": "5UFE5GTK6W",
      "fecha_registro": "2024-10-23 03:38:06"
    },
    {
      "nombre": "Mia Guadalupe Tamayo Santana",
      "matricula": "24070072",
      "email": "mia.24070072@itsmotul.edu.mx",
      "grupo": "1b",
      "codigo": "fKt3dzhsHh",
      "fecha_registro": "2024-10-23 03:48:29"
    },
    {
      "nombre": "chale pita arely nazaret",
      "matricula": "24070020",
      "email": "arely.24070020@itsmotul.edu.mx",
      "grupo": "1a",
      "codigo": "aZuprOqKd4",
      "fecha_registro": "2024-10-23 04:17:16"
    },
    {
      "nombre": "cynthia concepcion poot gonzalez",
      "matricula": "24070064",
      "email": "cynthia.24070064@itsmotul.edu.mx",
      "grupo": "1a",
      "codigo": "KIHvuszEFa",
      "fecha_registro": "2024-10-23 04:18:25"
    },
    {
      "nombre": "RICHARD ALDAHIR MAY LAVADORES ",
      "matricula": "24070050",
      "email": "richard.24070050@itsmotul.edu.mx",
      "grupo": "1b",
      "codigo": "ZbO6BseRtW",
      "fecha_registro": "2024-10-23 04:23:12"
    },
    {
      "nombre": "Alex David May Euan",
      "matricula": "24070049",
      "email": "alex.24070049@itsmotul.edu.mx",
      "grupo": "1b",
      "codigo": "9wzzrMruct",
      "fecha_registro": "2024-10-23 04:46:33"
    },
    {
      "nombre": "Jesus Guadalupe medina ake",
      "matricula": "24070051",
      "email": "jesus.24070051@itsmotul.edu.mx",
      "grupo": "1b",
      "codigo": "LhHy2IOOy4",
      "fecha_registro": "2024-10-23 05:12:40"
    },
    {
      "nombre": "Jesus Guadalupe medina ake",
      "matricula": "24070051",
      "email": "jesus.24070051@itsmotul.edu.mx",
      "grupo": "1b",
      "codigo": "hEvLI0wFSU",
      "fecha_registro": "2024-10-23 05:12:40"
    },
    {
      "nombre": "Lourdes Yamile Ram\u00edrez Chan ",
      "matricula": "24070067",
      "email": "lourdes.24070067@itsmotul.edu.mx",
      "grupo": "1b",
      "codigo": "ffWzQsiIgY",
      "fecha_registro": "2024-10-23 05:51:33"
    },
    {
      "nombre": "Lourdes Yamile Ram\u00edrez Chan ",
      "matricula": "24070067",
      "email": "lourdes.24070067@itsmotul.edu.mx",
      "grupo": "1b",
      "codigo": "v7Kogcy7wh",
      "fecha_registro": "2024-10-23 05:51:33"
    },
    {
      "nombre": "Grecia Alexandra Puch Castillo",
      "matricula": "24070066",
      "email": "grecia.24070066@itsmotul.edu.mx",
      "grupo": "1a",
      "codigo": "133EZtFje6",
      "fecha_registro": "2024-10-23 05:51:33"
    },
    {
      "nombre": "Cristian Uriel Chuc Canche",
      "matricula": "24070025",
      "email": "cristian.24070025@itsmotul.edu.mx",
      "grupo": "1a",
      "codigo": "5AobeA1mRr",
      "fecha_registro": "2024-10-23 05:51:33"
    },
    {
      "nombre": "Miriam beatriz escobedo tepal",
      "matricula": "24070035",
      "email": "miriam.24070035@itsmotul.edu.mx",
      "grupo": "1a",
      "codigo": "ysJXpJ17xX",
      "fecha_registro": "2024-10-23 05:51:33"
    }
  ]
}